business_name,searched_at,source_type,source_url,result,note
Medical Glamour Polanco,2026-06-16T18:20:56,web_search,https://www.bing.com/search?q=%22Medical%20Glamour%20Polanco%22%20correo%20contacto,searched,"""Medical Glamour Polanco"" correo contacto"
Medical Glamour Polanco,2026-06-16T18:20:56,web_search,https://www.bing.com/search?q=%22Medical%20Glamour%20Polanco%22%20email,searched,"""Medical Glamour Polanco"" email"
Medical Glamour Polanco,2026-06-16T18:20:57,web_search,https://www.bing.com/search?q=%22Medical%20Glamour%20Polanco%22%20%22Polanco%22%20contacto,searched,"""Medical Glamour Polanco"" ""Polanco"" contacto"
Medical Glamour Polanco,2026-06-16T18:20:57,summary,https://www.google.com/maps/search/?api=1&query=Medical%20Glamour%20Polanco%20Av%20Moliere%20107-2do%20piso%20cl%C3%ADnica%20est%C3%A9tica%20Polanco%20CDMX,no_public_email,No public business email found. Use manual WhatsApp/Instagram/Maps channel.
Dra. Shirley De Brito,2026-06-16T18:20:58,web_search,https://www.bing.com/search?q=%22Dra.%20Shirley%20De%20Brito%22%20correo%20contacto,searched,"""Dra. Shirley De Brito"" correo contacto"
Dra. Shirley De Brito,2026-06-16T18:20:58,web_search,https://www.bing.com/search?q=%22Dra.%20Shirley%20De%20Brito%22%20email,searched,"""Dra. Shirley De Brito"" email"
Dra. Shirley De Brito,2026-06-16T18:20:58,web_search,https://www.bing.com/search?q=%22Dra.%20Shirley%20De%20Brito%22%20%22Polanco%22%20contacto,searched,"""Dra. Shirley De Brito"" ""Polanco"" contacto"
Dra. Shirley De Brito,2026-06-16T18:20:59,summary,https://www.google.com/maps/search/?api=1&query=Dra.%20Shirley%20De%20Brito%20Av.%20Ej%C3%A9rcito%20Nacional%20Mexicano%201112-801%20dentista%20Polanco%20CDMX,no_public_email,No public business email found. Use manual WhatsApp/Instagram/Maps channel.
"Dentista Juriquilla, Querétaro",2026-06-16T18:20:59,web_search,https://www.bing.com/search?q=%22Dentista%20Juriquilla%2C%20Quer%C3%A9taro%22%20correo%20contacto,searched,"""Dentista Juriquilla, Querétaro"" correo contacto"
"Dentista Juriquilla, Querétaro",2026-06-16T18:21:00,web_search,https://www.bing.com/search?q=%22Dentista%20Juriquilla%2C%20Quer%C3%A9taro%22%20email,searched,"""Dentista Juriquilla, Querétaro"" email"
"Dentista Juriquilla, Querétaro",2026-06-16T18:21:00,web_search,https://www.bing.com/search?q=%22Dentista%20Juriquilla%2C%20Quer%C3%A9taro%22%20%22Juriquilla%22%20contacto,searched,"""Dentista Juriquilla, Querétaro"" ""Juriquilla"" contacto"
"Dentista Juriquilla, Querétaro",2026-06-16T18:21:00,summary,https://www.google.com/maps/search/?api=1&query=Dentista%20Juriquilla%2C%20Quer%C3%A9taro%20Blvd.%20Jurica%20la%20Campana%20903%20dentista%20Juriquilla%20Quer%C3%A9taro,no_public_email,No public business email found. Use manual WhatsApp/Instagram/Maps channel.
Dentar Odontología Integral y Ortodoncia,2026-06-16T18:21:01,web_search,https://www.bing.com/search?q=%22Dentar%20Odontolog%C3%ADa%20Integral%20y%20Ortodoncia%22%20correo%20contacto,searched,"""Dentar Odontología Integral y Ortodoncia"" correo contacto"
Dentar Odontología Integral y Ortodoncia,2026-06-16T18:21:01,web_search,https://www.bing.com/search?q=%22Dentar%20Odontolog%C3%ADa%20Integral%20y%20Ortodoncia%22%20email,searched,"""Dentar Odontología Integral y Ortodoncia"" email"
Dentar Odontología Integral y Ortodoncia,2026-06-16T18:21:01,web_search,https://www.bing.com/search?q=%22Dentar%20Odontolog%C3%ADa%20Integral%20y%20Ortodoncia%22%20%22Juriquilla%22%20contacto,searched,"""Dentar Odontología Integral y Ortodoncia"" ""Juriquilla"" contacto"
Dentar Odontología Integral y Ortodoncia,2026-06-16T18:21:02,summary,https://www.google.com/maps/search/?api=1&query=Dentar%20Odontolog%C3%ADa%20Integral%20y%20Ortodoncia%20Av.%20de%20las%20Ciencias%202070%20dentista%20Juriquilla%20Quer%C3%A9taro,no_public_email,No public business email found. Use manual WhatsApp/Instagram/Maps channel.
Hospital Veterinario Narvarte,2026-06-16T18:21:02,web_search,https://www.bing.com/search?q=%22Hospital%20Veterinario%20Narvarte%22%20correo%20contacto,searched,"""Hospital Veterinario Narvarte"" correo contacto"
Hospital Veterinario Narvarte,2026-06-16T18:21:03,web_search,https://www.bing.com/search?q=%22Hospital%20Veterinario%20Narvarte%22%20email,searched,"""Hospital Veterinario Narvarte"" email"
Hospital Veterinario Narvarte,2026-06-16T18:21:03,web_search,https://www.bing.com/search?q=%22Hospital%20Veterinario%20Narvarte%22%20%22Narvarte%22%20contacto,searched,"""Hospital Veterinario Narvarte"" ""Narvarte"" contacto"
Hospital Veterinario Narvarte,2026-06-16T18:21:03,summary,https://www.google.com/maps/search/?api=1&query=Hospital%20Veterinario%20Narvarte%20C.%20Dr.%20Jos%C3%A9%20Mar%C3%ADa%20V%C3%A9rtiz%20560%20veterinaria%20Narvarte%20CDMX,no_public_email,No public business email found. Use manual WhatsApp/Instagram/Maps channel.
Dream Pets,2026-06-16T18:21:04,web_search,https://www.bing.com/search?q=%22Dream%20Pets%22%20correo%20contacto,searched,"""Dream Pets"" correo contacto"
Dream Pets,2026-06-16T18:21:04,web_search,https://www.bing.com/search?q=%22Dream%20Pets%22%20email,searched,"""Dream Pets"" email"
Dream Pets,2026-06-16T18:21:05,web_search,https://www.bing.com/search?q=%22Dream%20Pets%22%20%22Narvarte%22%20contacto,searched,"""Dream Pets"" ""Narvarte"" contacto"
Dream Pets,2026-06-16T18:21:05,summary,https://www.google.com/maps/search/?api=1&query=Dream%20Pets%20Diag.%20San%20Antonio%20911-interior%201%20veterinaria%20Narvarte%20CDMX,no_public_email,No public business email found. Use manual WhatsApp/Instagram/Maps channel.
Clínica Veterinaria Coyoacán,2026-06-16T18:21:06,web_search,https://www.bing.com/search?q=%22Cl%C3%ADnica%20Veterinaria%20Coyoac%C3%A1n%22%20correo%20contacto,searched,"""Clínica Veterinaria Coyoacán"" correo contacto"
Clínica Veterinaria Coyoacán,2026-06-16T18:21:06,web_search,https://www.bing.com/search?q=%22Cl%C3%ADnica%20Veterinaria%20Coyoac%C3%A1n%22%20email,searched,"""Clínica Veterinaria Coyoacán"" email"
Clínica Veterinaria Coyoacán,2026-06-16T18:21:06,web_search,https://www.bing.com/search?q=%22Cl%C3%ADnica%20Veterinaria%20Coyoac%C3%A1n%22%20%22Coyoac%C3%A1n%22%20contacto,searched,"""Clínica Veterinaria Coyoacán"" ""Coyoacán"" contacto"
Clínica Veterinaria Coyoacán,2026-06-16T18:21:07,summary,https://www.google.com/maps/search/?api=1&query=Cl%C3%ADnica%20Veterinaria%20Coyoac%C3%A1n%20Av.%20Divisi%C3%B3n%20del%20Nte.%202638-segundo%20piso%20veterinaria%20Coyoac%C3%A1n%20CDMX,no_public_email,No public business email found. Use manual WhatsApp/Instagram/Maps channel.
Hospital Veterinario Providencia,2026-06-16T18:21:07,web_search,https://www.bing.com/search?q=%22Hospital%20Veterinario%20Providencia%22%20correo%20contacto,searched,"""Hospital Veterinario Providencia"" correo contacto"
Hospital Veterinario Providencia,2026-06-16T18:21:08,web_search,https://www.bing.com/search?q=%22Hospital%20Veterinario%20Providencia%22%20email,searched,"""Hospital Veterinario Providencia"" email"
Hospital Veterinario Providencia,2026-06-16T18:21:08,web_search,https://www.bing.com/search?q=%22Hospital%20Veterinario%20Providencia%22%20%22Providencia%22%20contacto,searched,"""Hospital Veterinario Providencia"" ""Providencia"" contacto"
Hospital Veterinario Providencia,2026-06-16T18:21:08,summary,https://www.google.com/maps/search/?api=1&query=Hospital%20Veterinario%20Providencia%20%EF%95%8A%20%C2%B7%20Av.%20Manuel%20Acu%C3%B1a%202549%20veterinaria%20Providencia%20Guadalajara,no_public_email,No public business email found. Use manual WhatsApp/Instagram/Maps channel.
Vetleaf Veterinaria y Estética,2026-06-16T18:21:09,web_search,https://www.bing.com/search?q=%22Vetleaf%20Veterinaria%20y%20Est%C3%A9tica%22%20correo%20contacto,searched,"""Vetleaf Veterinaria y Estética"" correo contacto"
Vetleaf Veterinaria y Estética,2026-06-16T18:21:09,web_search,https://www.bing.com/search?q=%22Vetleaf%20Veterinaria%20y%20Est%C3%A9tica%22%20email,searched,"""Vetleaf Veterinaria y Estética"" email"
Vetleaf Veterinaria y Estética,2026-06-16T18:21:09,web_search,https://www.bing.com/search?q=%22Vetleaf%20Veterinaria%20y%20Est%C3%A9tica%22%20%22Providencia%22%20contacto,searched,"""Vetleaf Veterinaria y Estética"" ""Providencia"" contacto"
Vetleaf Veterinaria y Estética,2026-06-16T18:21:10,summary,https://www.google.com/maps/search/?api=1&query=Vetleaf%20Veterinaria%20y%20Est%C3%A9tica%20C.%20Goya%20621%20veterinaria%20Providencia%20Guadalajara,no_public_email,No public business email found. Use manual WhatsApp/Instagram/Maps channel.
Dr. Neguib Villavicencio Raful,2026-06-16T18:21:10,web_search,https://www.bing.com/search?q=%22Dr.%20Neguib%20Villavicencio%20Raful%22%20correo%20contacto,searched,"""Dr. Neguib Villavicencio Raful"" correo contacto"
Dr. Neguib Villavicencio Raful,2026-06-16T18:21:11,web_search,https://www.bing.com/search?q=%22Dr.%20Neguib%20Villavicencio%20Raful%22%20email,searched,"""Dr. Neguib Villavicencio Raful"" email"
Dr. Neguib Villavicencio Raful,2026-06-16T18:21:11,web_search,https://www.bing.com/search?q=%22Dr.%20Neguib%20Villavicencio%20Raful%22%20%22Juriquilla%22%20contacto,searched,"""Dr. Neguib Villavicencio Raful"" ""Juriquilla"" contacto"
Dr. Neguib Villavicencio Raful,2026-06-16T18:21:11,summary,https://www.google.com/maps/search/?api=1&query=Dr.%20Neguib%20Villavicencio%20Raful%20World%20Trade%20Center%2C%20Torre%20M%C3%A9dica%20Momentum%2C%20P.%C2%BA%20de%20la%20Rep%C3%BAblica%2013020%20dentista%20Juriquilla%20Quer%C3%A9taro,no_public_email,No public business email found. Use manual WhatsApp/Instagram/Maps channel.
NUTRIÓLOGA Brenda Núñez,2026-06-16T18:21:12,web_search,https://www.bing.com/search?q=%22NUTRI%C3%93LOGA%20Brenda%20N%C3%BA%C3%B1ez%22%20correo%20contacto,searched,"""NUTRIÓLOGA Brenda Núñez"" correo contacto"
NUTRIÓLOGA Brenda Núñez,2026-06-16T18:21:12,web_search,https://www.bing.com/search?q=%22NUTRI%C3%93LOGA%20Brenda%20N%C3%BA%C3%B1ez%22%20email,searched,"""NUTRIÓLOGA Brenda Núñez"" email"
NUTRIÓLOGA Brenda Núñez,2026-06-16T18:21:12,web_search,https://www.bing.com/search?q=%22NUTRI%C3%93LOGA%20Brenda%20N%C3%BA%C3%B1ez%22%20%22Condesa%22%20contacto,searched,"""NUTRIÓLOGA Brenda Núñez"" ""Condesa"" contacto"
NUTRIÓLOGA Brenda Núñez,2026-06-16T18:21:13,summary,https://www.google.com/maps/search/?api=1&query=NUTRI%C3%93LOGA%20Brenda%20N%C3%BA%C3%B1ez%20C.%20Chilpancingo%2051%20nutri%C3%B3loga%20Condesa%20CDMX,no_public_email,No public business email found. Use manual WhatsApp/Instagram/Maps channel.
Fisioterapia/ rehabilitacion/terapia física y estimulación temprana Dra. Yaqui Ortega,2026-06-16T18:21:13,web_search,https://www.bing.com/search?q=%22Fisioterapia/%20rehabilitacion/terapia%20f%C3%ADsica%20y%20estimulaci%C3%B3n%20temprana%20Dra.%20Yaqui%20Ortega%22%20correo%20contacto,searched,"""Fisioterapia/ rehabilitacion/terapia física y estimulación temprana Dra. Yaqui Ortega"" correo contacto"
Fisioterapia/ rehabilitacion/terapia física y estimulación temprana Dra. Yaqui Ortega,2026-06-16T18:21:13,web_search,https://www.bing.com/search?q=%22Fisioterapia/%20rehabilitacion/terapia%20f%C3%ADsica%20y%20estimulaci%C3%B3n%20temprana%20Dra.%20Yaqui%20Ortega%22%20email,searched,"""Fisioterapia/ rehabilitacion/terapia física y estimulación temprana Dra. Yaqui Ortega"" email"
Fisioterapia/ rehabilitacion/terapia física y estimulación temprana Dra. Yaqui Ortega,2026-06-16T18:21:14,web_search,https://www.bing.com/search?q=%22Fisioterapia/%20rehabilitacion/terapia%20f%C3%ADsica%20y%20estimulaci%C3%B3n%20temprana%20Dra.%20Yaqui%20Ortega%22%20%22Coyoac%C3%A1n%22%20contacto,searched,"""Fisioterapia/ rehabilitacion/terapia física y estimulación temprana Dra. Yaqui Ortega"" ""Coyoacán"" contacto"
Fisioterapia/ rehabilitacion/terapia física y estimulación temprana Dra. Yaqui Ortega,2026-06-16T18:21:14,summary,https://www.google.com/maps/search/?api=1&query=Fisioterapia%2F%20rehabilitacion%2Fterapia%20f%C3%ADsica%20y%20estimulaci%C3%B3n%20temprana%20Dra.%20Yaqui%20Ortega%20Av.%20Coyoac%C3%A1n%201878-consultorio%201402%20fisioterapia%20Coyoac%C3%A1n%20CDMX,no_public_email,No public business email found. Use manual WhatsApp/Instagram/Maps channel.
Clínica Veterinaria Dr. Cabrera,2026-06-16T18:21:15,web_search,https://www.bing.com/search?q=%22Cl%C3%ADnica%20Veterinaria%20Dr.%20Cabrera%22%20correo%20contacto,searched,"""Clínica Veterinaria Dr. Cabrera"" correo contacto"
Clínica Veterinaria Dr. Cabrera,2026-06-16T18:21:15,web_search,https://www.bing.com/search?q=%22Cl%C3%ADnica%20Veterinaria%20Dr.%20Cabrera%22%20email,searched,"""Clínica Veterinaria Dr. Cabrera"" email"
Clínica Veterinaria Dr. Cabrera,2026-06-16T18:21:15,web_search,https://www.bing.com/search?q=%22Cl%C3%ADnica%20Veterinaria%20Dr.%20Cabrera%22%20%22San%20Pedro%22%20contacto,searched,"""Clínica Veterinaria Dr. Cabrera"" ""San Pedro"" contacto"
Clínica Veterinaria Dr. Cabrera,2026-06-16T18:21:16,summary,https://www.google.com/maps/search/?api=1&query=Cl%C3%ADnica%20Veterinaria%20Dr.%20Cabrera%20%EF%95%8A%20%C2%B7%20Lazaro%20Garza%20Ayala%20155%2C%20entre%20Lic.%20Benito%20Juarez%20Sur%20y%20Morelos%20veterinaria%20San%20Pedro%20Garza%20Garc%C3%ADa,no_public_email,No public business email found. Use manual WhatsApp/Instagram/Maps channel.
Dental Valle Juriquilla,2026-06-16T18:21:16,web_search,https://www.bing.com/search?q=%22Dental%20Valle%20Juriquilla%22%20correo%20contacto,searched,"""Dental Valle Juriquilla"" correo contacto"
Dental Valle Juriquilla,2026-06-16T18:21:17,web_search,https://www.bing.com/search?q=%22Dental%20Valle%20Juriquilla%22%20email,searched,"""Dental Valle Juriquilla"" email"
Dental Valle Juriquilla,2026-06-16T18:21:17,web_search,https://www.bing.com/search?q=%22Dental%20Valle%20Juriquilla%22%20%22Juriquilla%22%20contacto,searched,"""Dental Valle Juriquilla"" ""Juriquilla"" contacto"
Dental Valle Juriquilla,2026-06-16T18:21:17,summary,https://www.google.com/maps/search/?api=1&query=Dental%20Valle%20Juriquilla%20Av.%20los%20Portones%201151-local%206%20dentista%20Juriquilla%20Quer%C3%A9taro,no_public_email,No public business email found. Use manual WhatsApp/Instagram/Maps channel.
Clínica Like U,2026-06-16T18:21:18,web_search,https://www.bing.com/search?q=%22Cl%C3%ADnica%20Like%20U%22%20correo%20contacto,searched,"""Clínica Like U"" correo contacto"
Clínica Like U,2026-06-16T18:21:18,web_search,https://www.bing.com/search?q=%22Cl%C3%ADnica%20Like%20U%22%20email,searched,"""Clínica Like U"" email"
Clínica Like U,2026-06-16T18:21:18,web_search,https://www.bing.com/search?q=%22Cl%C3%ADnica%20Like%20U%22%20%22Juriquilla%22%20contacto,searched,"""Clínica Like U"" ""Juriquilla"" contacto"
Clínica Like U,2026-06-16T18:21:19,summary,https://www.google.com/maps/search/?api=1&query=Cl%C3%ADnica%20Like%20U%20Blvrd%20de%20la%20Campana%20952a%20cl%C3%ADnica%20est%C3%A9tica%20Juriquilla%20Quer%C3%A9taro,no_public_email,No public business email found. Use manual WhatsApp/Instagram/Maps channel.
Clínica Dermo Estética Dr. Rapha,2026-06-16T18:21:19,web_search,https://www.bing.com/search?q=%22Cl%C3%ADnica%20Dermo%20Est%C3%A9tica%20Dr.%20Rapha%22%20correo%20contacto,searched,"""Clínica Dermo Estética Dr. Rapha"" correo contacto"
Clínica Dermo Estética Dr. Rapha,2026-06-16T18:21:20,web_search,https://www.bing.com/search?q=%22Cl%C3%ADnica%20Dermo%20Est%C3%A9tica%20Dr.%20Rapha%22%20email,searched,"""Clínica Dermo Estética Dr. Rapha"" email"
Clínica Dermo Estética Dr. Rapha,2026-06-16T18:21:20,web_search,https://www.bing.com/search?q=%22Cl%C3%ADnica%20Dermo%20Est%C3%A9tica%20Dr.%20Rapha%22%20%22Juriquilla%22%20contacto,searched,"""Clínica Dermo Estética Dr. Rapha"" ""Juriquilla"" contacto"
Clínica Dermo Estética Dr. Rapha,2026-06-16T18:21:21,summary,https://www.google.com/maps/search/?api=1&query=Cl%C3%ADnica%20Dermo%20Est%C3%A9tica%20Dr.%20Rapha%20SANTINI%2C%20Blvrd%20de%20la%20Campana%20101%20ESQUINA%20cl%C3%ADnica%20est%C3%A9tica%20Juriquilla%20Quer%C3%A9taro,no_public_email,No public business email found. Use manual WhatsApp/Instagram/Maps channel.
BeautyFull Medicina Estetica,2026-06-16T18:21:22,web_search,https://www.bing.com/search?q=%22BeautyFull%20Medicina%20Estetica%22%20correo%20contacto,searched,"""BeautyFull Medicina Estetica"" correo contacto"
BeautyFull Medicina Estetica,2026-06-16T18:21:22,web_search,https://www.bing.com/search?q=%22BeautyFull%20Medicina%20Estetica%22%20email,searched,"""BeautyFull Medicina Estetica"" email"
BeautyFull Medicina Estetica,2026-06-16T18:21:23,web_search,https://www.bing.com/search?q=%22BeautyFull%20Medicina%20Estetica%22%20%22Polanco%22%20contacto,searched,"""BeautyFull Medicina Estetica"" ""Polanco"" contacto"
BeautyFull Medicina Estetica,2026-06-16T18:21:23,summary,https://www.google.com/maps/search/?api=1&query=BeautyFull%20Medicina%20Estetica%20Av%20Moliere%20310%20cl%C3%ADnica%20est%C3%A9tica%20Polanco%20CDMX,no_public_email,No public business email found. Use manual WhatsApp/Instagram/Maps channel.
Acéntua Medicina Estética,2026-06-16T18:21:23,web_search,https://www.bing.com/search?q=%22Ac%C3%A9ntua%20Medicina%20Est%C3%A9tica%22%20correo%20contacto,searched,"""Acéntua Medicina Estética"" correo contacto"
Acéntua Medicina Estética,2026-06-16T18:21:24,web_search,https://www.bing.com/search?q=%22Ac%C3%A9ntua%20Medicina%20Est%C3%A9tica%22%20email,searched,"""Acéntua Medicina Estética"" email"
Acéntua Medicina Estética,2026-06-16T18:21:24,web_search,https://www.bing.com/search?q=%22Ac%C3%A9ntua%20Medicina%20Est%C3%A9tica%22%20%22San%20Pedro%22%20contacto,searched,"""Acéntua Medicina Estética"" ""San Pedro"" contacto"
Acéntua Medicina Estética,2026-06-16T18:21:25,summary,https://www.google.com/maps/search/?api=1&query=Ac%C3%A9ntua%20Medicina%20Est%C3%A9tica%20Av.%20Manuel%20G%C3%B3mez%20Mor%C3%ADn%202111%20cl%C3%ADnica%20est%C3%A9tica%20San%20Pedro%20Garza%20Garc%C3%ADa,no_public_email,No public business email found. Use manual WhatsApp/Instagram/Maps channel.
Casa del Arquitecto,2026-06-16T18:21:25,web_search,https://www.bing.com/search?q=%22Casa%20del%20Arquitecto%22%20correo%20contacto,searched,"""Casa del Arquitecto"" correo contacto"
Casa del Arquitecto,2026-06-16T18:21:26,web_search,https://www.bing.com/search?q=%22Casa%20del%20Arquitecto%22%20email,searched,"""Casa del Arquitecto"" email"
Casa del Arquitecto,2026-06-16T18:21:26,web_search,https://www.bing.com/search?q=%22Casa%20del%20Arquitecto%22%20%22Roma%20Norte%22%20contacto,searched,"""Casa del Arquitecto"" ""Roma Norte"" contacto"
Casa del Arquitecto,2026-06-16T18:21:27,summary,https://www.google.com/maps/search/?api=1&query=Casa%20del%20Arquitecto%20Av.%20Veracruz%2024%20arquitecto%20interiorismo%20Roma%20Norte%20CDMX,no_public_email,No public business email found. Use manual WhatsApp/Instagram/Maps channel.
Fisioterapia y Rehabilitación Vertiz Narvarte,2026-06-16T18:21:27,web_search,https://www.bing.com/search?q=%22Fisioterapia%20y%20Rehabilitaci%C3%B3n%20Vertiz%20Narvarte%22%20correo%20contacto,searched,"""Fisioterapia y Rehabilitación Vertiz Narvarte"" correo contacto"
Fisioterapia y Rehabilitación Vertiz Narvarte,2026-06-16T18:21:27,web_search,https://www.bing.com/search?q=%22Fisioterapia%20y%20Rehabilitaci%C3%B3n%20Vertiz%20Narvarte%22%20email,searched,"""Fisioterapia y Rehabilitación Vertiz Narvarte"" email"
Fisioterapia y Rehabilitación Vertiz Narvarte,2026-06-16T18:21:28,web_search,https://www.bing.com/search?q=%22Fisioterapia%20y%20Rehabilitaci%C3%B3n%20Vertiz%20Narvarte%22%20%22Narvarte%22%20contacto,searched,"""Fisioterapia y Rehabilitación Vertiz Narvarte"" ""Narvarte"" contacto"
Fisioterapia y Rehabilitación Vertiz Narvarte,2026-06-16T18:21:28,summary,https://www.google.com/maps/search/?api=1&query=Fisioterapia%20y%20Rehabilitaci%C3%B3n%20Vertiz%20Narvarte%20DR%20vertiz%2C%20C.%20Dr.%20Jos%C3%A9%20Mar%C3%ADa%20V%C3%A9rtiz%20636%2C%20LT%20dr%20fisioterapia%20Narvarte%20CDMX,no_public_email,No public business email found. Use manual WhatsApp/Instagram/Maps channel.
Psicame. Psicóloga,2026-06-16T18:21:29,web_search,https://www.bing.com/search?q=%22Psicame.%20Psic%C3%B3loga%22%20correo%20contacto,searched,"""Psicame. Psicóloga"" correo contacto"
Psicame. Psicóloga,2026-06-16T18:21:29,web_search,https://www.bing.com/search?q=%22Psicame.%20Psic%C3%B3loga%22%20email,searched,"""Psicame. Psicóloga"" email"
Psicame. Psicóloga,2026-06-16T18:21:29,web_search,https://www.bing.com/search?q=%22Psicame.%20Psic%C3%B3loga%22%20%22Del%20Valle%22%20contacto,searched,"""Psicame. Psicóloga"" ""Del Valle"" contacto"
Psicame. Psicóloga,2026-06-16T18:21:30,summary,https://www.google.com/maps/search/?api=1&query=Psicame.%20Psic%C3%B3loga%20F%C3%A9liz%20Cuevas%2C%20Dr.%20Roberto%20Gayol%20520-Entrada%20por%20psic%C3%B3logo%20Del%20Valle%20CDMX,no_public_email,No public business email found. Use manual WhatsApp/Instagram/Maps channel.
"Mover-T, Clínica de Fisioterapia Integral",2026-06-16T18:21:30,web_search,https://www.bing.com/search?q=%22Mover-T%2C%20Cl%C3%ADnica%20de%20Fisioterapia%20Integral%22%20correo%20contacto,searched,"""Mover-T, Clínica de Fisioterapia Integral"" correo contacto"
"Mover-T, Clínica de Fisioterapia Integral",2026-06-16T18:21:30,web_search,https://www.bing.com/search?q=%22Mover-T%2C%20Cl%C3%ADnica%20de%20Fisioterapia%20Integral%22%20email,searched,"""Mover-T, Clínica de Fisioterapia Integral"" email"
"Mover-T, Clínica de Fisioterapia Integral",2026-06-16T18:21:32,web_search,https://www.bing.com/search?q=%22Mover-T%2C%20Cl%C3%ADnica%20de%20Fisioterapia%20Integral%22%20%22Narvarte%22%20contacto,searched,"""Mover-T, Clínica de Fisioterapia Integral"" ""Narvarte"" contacto"
"Mover-T, Clínica de Fisioterapia Integral",2026-06-16T18:21:32,summary,https://www.google.com/maps/search/?api=1&query=Mover-T%2C%20Cl%C3%ADnica%20de%20Fisioterapia%20Integral%20Pilares%20506%20fisioterapia%20Narvarte%20CDMX,no_public_email,No public business email found. Use manual WhatsApp/Instagram/Maps channel.
Yuvā Medicina Estética,2026-06-16T18:21:33,web_search,https://www.bing.com/search?q=%22Yuv%C4%81%20Medicina%20Est%C3%A9tica%22%20correo%20contacto,searched,"""Yuvā Medicina Estética"" correo contacto"
Yuvā Medicina Estética,2026-06-16T18:21:33,web_search,https://www.bing.com/search?q=%22Yuv%C4%81%20Medicina%20Est%C3%A9tica%22%20email,searched,"""Yuvā Medicina Estética"" email"
Yuvā Medicina Estética,2026-06-16T18:21:33,web_search,https://www.bing.com/search?q=%22Yuv%C4%81%20Medicina%20Est%C3%A9tica%22%20%22Roma%20Norte%22%20contacto,searched,"""Yuvā Medicina Estética"" ""Roma Norte"" contacto"
Yuvā Medicina Estética,2026-06-16T18:21:33,summary,https://www.google.com/maps/search/?api=1&query=Yuv%C4%81%20Medicina%20Est%C3%A9tica%20M%C3%A9rida%20255%20cl%C3%ADnica%20est%C3%A9tica%20Roma%20Norte%20CDMX,no_public_email,No public business email found. Use manual WhatsApp/Instagram/Maps channel.
18setenta CDMX,2026-06-16T18:21:34,web_search,https://www.bing.com/search?q=%2218setenta%20CDMX%22%20correo%20contacto,searched,"""18setenta CDMX"" correo contacto"
18setenta CDMX,2026-06-16T18:21:34,web_search,https://www.bing.com/search?q=%2218setenta%20CDMX%22%20email,searched,"""18setenta CDMX"" email"
18setenta CDMX,2026-06-16T18:21:35,web_search,https://www.bing.com/search?q=%2218setenta%20CDMX%22%20%22Polanco%22%20contacto,searched,"""18setenta CDMX"" ""Polanco"" contacto"
18setenta CDMX,2026-06-16T18:21:35,summary,https://www.google.com/maps/search/?api=1&query=18setenta%20CDMX%20Av%20Moliere%20129%20dise%C3%B1o%20interior%20Polanco%20CDMX,no_public_email,No public business email found. Use manual WhatsApp/Instagram/Maps channel.
Clínica Dental Condesa,2026-06-16T18:21:35,web_search,https://www.bing.com/search?q=%22Cl%C3%ADnica%20Dental%20Condesa%22%20correo%20contacto,searched,"""Clínica Dental Condesa"" correo contacto"
Clínica Dental Condesa,2026-06-16T18:21:36,web_search,https://www.bing.com/search?q=%22Cl%C3%ADnica%20Dental%20Condesa%22%20email,searched,"""Clínica Dental Condesa"" email"
Clínica Dental Condesa,2026-06-16T18:21:36,web_search,https://www.bing.com/search?q=%22Cl%C3%ADnica%20Dental%20Condesa%22%20%22Condesa%22%20contacto,searched,"""Clínica Dental Condesa"" ""Condesa"" contacto"
Clínica Dental Condesa,2026-06-16T18:21:36,summary,https://www.google.com/maps/search/?api=1&query=Cl%C3%ADnica%20Dental%20Condesa%20Av.%20Veracruz%2028%20B%20dentista%20Condesa%20CDMX,no_public_email,No public business email found. Use manual WhatsApp/Instagram/Maps channel.
Ethos Consultorio Odontológico,2026-06-16T18:21:37,web_search,https://www.bing.com/search?q=%22Ethos%20Consultorio%20Odontol%C3%B3gico%22%20correo%20contacto,searched,"""Ethos Consultorio Odontológico"" correo contacto"
Ethos Consultorio Odontológico,2026-06-16T18:21:37,web_search,https://www.bing.com/search?q=%22Ethos%20Consultorio%20Odontol%C3%B3gico%22%20email,searched,"""Ethos Consultorio Odontológico"" email"
Ethos Consultorio Odontológico,2026-06-16T18:21:38,web_search,https://www.bing.com/search?q=%22Ethos%20Consultorio%20Odontol%C3%B3gico%22%20%22Coyoac%C3%A1n%22%20contacto,searched,"""Ethos Consultorio Odontológico"" ""Coyoacán"" contacto"
Ethos Consultorio Odontológico,2026-06-16T18:21:38,summary,https://www.google.com/maps/search/?api=1&query=Ethos%20Consultorio%20Odontol%C3%B3gico%20Cuauht%C3%A9moc%2068%20dentista%20Coyoac%C3%A1n%20CDMX,no_public_email,No public business email found. Use manual WhatsApp/Instagram/Maps channel.
Estudio Fisio Coyoacán,2026-06-16T18:21:39,web_search,https://www.bing.com/search?q=%22Estudio%20Fisio%20Coyoac%C3%A1n%22%20correo%20contacto,searched,"""Estudio Fisio Coyoacán"" correo contacto"
Estudio Fisio Coyoacán,2026-06-16T18:21:39,web_search,https://www.bing.com/search?q=%22Estudio%20Fisio%20Coyoac%C3%A1n%22%20email,searched,"""Estudio Fisio Coyoacán"" email"
Estudio Fisio Coyoacán,2026-06-16T18:21:40,web_search,https://www.bing.com/search?q=%22Estudio%20Fisio%20Coyoac%C3%A1n%22%20%22Coyoac%C3%A1n%22%20contacto,searched,"""Estudio Fisio Coyoacán"" ""Coyoacán"" contacto"
Estudio Fisio Coyoacán,2026-06-16T18:21:40,summary,https://www.google.com/maps/search/?api=1&query=Estudio%20Fisio%20Coyoac%C3%A1n%20Londres%20113%20fisioterapia%20Coyoac%C3%A1n%20CDMX,no_public_email,No public business email found. Use manual WhatsApp/Instagram/Maps channel.
Centro Refforza,2026-06-16T18:21:41,web_search,https://www.bing.com/search?q=%22Centro%20Refforza%22%20correo%20contacto,searched,"""Centro Refforza"" correo contacto"
Centro Refforza,2026-06-16T18:21:41,web_search,https://www.bing.com/search?q=%22Centro%20Refforza%22%20email,searched,"""Centro Refforza"" email"
Centro Refforza,2026-06-16T18:21:41,web_search,https://www.bing.com/search?q=%22Centro%20Refforza%22%20%22Condesa%22%20contacto,searched,"""Centro Refforza"" ""Condesa"" contacto"
Centro Refforza,2026-06-16T18:21:42,summary,https://www.google.com/maps/search/?api=1&query=Centro%20Refforza%20Campeche%20289%20fisioterapia%20Condesa%20CDMX,no_public_email,No public business email found. Use manual WhatsApp/Instagram/Maps channel.
Óptica Mr Soul Eyewear,2026-06-16T18:21:43,web_search,https://www.bing.com/search?q=%22%C3%93ptica%20Mr%20Soul%20Eyewear%22%20correo%20contacto,searched,"""Óptica Mr Soul Eyewear"" correo contacto"
Óptica Mr Soul Eyewear,2026-06-16T18:21:43,web_search,https://www.bing.com/search?q=%22%C3%93ptica%20Mr%20Soul%20Eyewear%22%20email,searched,"""Óptica Mr Soul Eyewear"" email"
Óptica Mr Soul Eyewear,2026-06-16T18:21:43,web_search,https://www.bing.com/search?q=%22%C3%93ptica%20Mr%20Soul%20Eyewear%22%20%22Condesa%22%20contacto,searched,"""Óptica Mr Soul Eyewear"" ""Condesa"" contacto"
Óptica Mr Soul Eyewear,2026-06-16T18:21:44,summary,https://www.google.com/maps/search/?api=1&query=%C3%93ptica%20Mr%20Soul%20Eyewear%20%C3%81msterdam%20171%20Colonia%20%C3%B3ptica%20Condesa%20CDMX,no_public_email,No public business email found. Use manual WhatsApp/Instagram/Maps channel.
Psicóloga Lola Hdz. Benito Juárez,2026-06-16T18:21:44,web_search,https://www.bing.com/search?q=%22Psic%C3%B3loga%20Lola%20Hdz.%20Benito%20Ju%C3%A1rez%22%20correo%20contacto,searched,"""Psicóloga Lola Hdz. Benito Juárez"" correo contacto"
Psicóloga Lola Hdz. Benito Juárez,2026-06-16T18:21:44,web_search,https://www.bing.com/search?q=%22Psic%C3%B3loga%20Lola%20Hdz.%20Benito%20Ju%C3%A1rez%22%20email,searched,"""Psicóloga Lola Hdz. Benito Juárez"" email"
Psicóloga Lola Hdz. Benito Juárez,2026-06-16T18:21:45,web_search,https://www.bing.com/search?q=%22Psic%C3%B3loga%20Lola%20Hdz.%20Benito%20Ju%C3%A1rez%22%20%22Condesa%22%20contacto,searched,"""Psicóloga Lola Hdz. Benito Juárez"" ""Condesa"" contacto"
Psicóloga Lola Hdz. Benito Juárez,2026-06-16T18:21:45,summary,https://www.google.com/maps/search/?api=1&query=Psic%C3%B3loga%20Lola%20Hdz.%20Benito%20Ju%C3%A1rez%20Tlaxcala%20177%20psic%C3%B3logo%20Condesa%20CDMX,no_public_email,No public business email found. Use manual WhatsApp/Instagram/Maps channel.
