verification_status,business_name,niche,city,zone,original_phone,normalized_phone,wa_check_url,google_maps_url,phone_source,source_confidence,notes,verified_at,verification_notes
pending_manual_check,Medical Glamour Polanco,Clínica estética,CDMX,Polanco,55 2763 4703,525527634703,https://wa.me/525527634703,https://www.google.com/maps/search/?api=1&query=Medical%20Glamour%20Polanco%20Av%20Moliere%20107-2do%20piso%20cl%C3%ADnica%20est%C3%A9tica%20Polanco%20CDMX,public_business_phone_field,medium,Google Maps detail no mostró dominio oficial ni botón de sitio web; negocio con reputación alta en zona premium.,,
pending_manual_check,Dra. Shirley De Brito,Dental,CDMX,Polanco,55 1474 4809,525514744809,https://wa.me/525514744809,https://www.google.com/maps/search/?api=1&query=Dra.%20Shirley%20De%20Brito%20Av.%20Ej%C3%A9rcito%20Nacional%20Mexicano%201112-801%20dentista%20Polanco%20CDMX,public_business_phone_field,medium,Google Maps detail no mostró dominio oficial; solo enlace tipo WhatsApp/directo como presencia digital.,,
pending_manual_check,"Dentista Juriquilla, Querétaro",Dental,Querétaro,Juriquilla,55 4943 8421,525549438421,https://wa.me/525549438421,https://www.google.com/maps/search/?api=1&query=Dentista%20Juriquilla%2C%20Quer%C3%A9taro%20Blvd.%20Jurica%20la%20Campana%20903%20dentista%20Juriquilla%20Quer%C3%A9taro,public_business_phone_field,medium,Google Maps detail no mostró dominio oficial; perfil activo con teléfono y reseñas fuertes.,,
pending_manual_check,Dentar Odontología Integral y Ortodoncia,Dental,Querétaro,Juriquilla,446 131 9916,524461319916,https://wa.me/524461319916,https://www.google.com/maps/search/?api=1&query=Dentar%20Odontolog%C3%ADa%20Integral%20y%20Ortodoncia%20Av.%20de%20las%20Ciencias%202070%20dentista%20Juriquilla%20Quer%C3%A9taro,public_business_phone_field,medium,Google Maps detail no mostró dominio oficial; oportunidad para página clara de servicios y ubicación.,,
pending_manual_check,Hospital Veterinario Narvarte,Veterinaria,CDMX,Narvarte,55 5538 2388,525555382388,https://wa.me/525555382388,https://www.google.com/maps/search/?api=1&query=Hospital%20Veterinario%20Narvarte%20C.%20Dr.%20Jos%C3%A9%20Mar%C3%ADa%20V%C3%A9rtiz%20560%20veterinaria%20Narvarte%20CDMX,public_business_phone_field,medium,Google Maps detail no mostró dominio oficial; muchas reseñas y teléfono público.,,
pending_manual_check,Dream Pets,Veterinaria,CDMX,Narvarte,55 6114 3300,525561143300,https://wa.me/525561143300,https://www.google.com/maps/search/?api=1&query=Dream%20Pets%20Diag.%20San%20Antonio%20911-interior%201%20veterinaria%20Narvarte%20CDMX,public_business_phone_field,medium,Google Maps detail no mostró dominio oficial; negocio activo con reputación alta.,,
pending_manual_check,Clínica Veterinaria Coyoacán,Veterinaria,CDMX,Coyoacán,55 5688 3177,525556883177,https://wa.me/525556883177,https://www.google.com/maps/search/?api=1&query=Cl%C3%ADnica%20Veterinaria%20Coyoac%C3%A1n%20Av.%20Divisi%C3%B3n%20del%20Nte.%202638-segundo%20piso%20veterinaria%20Coyoac%C3%A1n%20CDMX,public_business_phone_field,medium,Google Maps detail no mostró dominio oficial; fuerte presencia local sin sitio claro enlazado.,,
pending_manual_check,Hospital Veterinario Providencia,Veterinaria,Guadalajara,Providencia,33 3640 1037,523336401037,https://wa.me/523336401037,https://www.google.com/maps/search/?api=1&query=Hospital%20Veterinario%20Providencia%20%EF%95%8A%20%C2%B7%20Av.%20Manuel%20Acu%C3%B1a%202549%20veterinaria%20Providencia%20Guadalajara,public_business_phone_field,medium,Google Maps detail no mostró dominio oficial; reputación fuerte en zona comercial.,,
pending_manual_check,Vetleaf Veterinaria y Estética,Veterinaria,Guadalajara,Providencia,33 4355 9053,523343559053,https://wa.me/523343559053,https://www.google.com/maps/search/?api=1&query=Vetleaf%20Veterinaria%20y%20Est%C3%A9tica%20C.%20Goya%20621%20veterinaria%20Providencia%20Guadalajara,public_business_phone_field,medium,Google Maps detail no mostró dominio oficial; combina veterinaria y estética con alto número de reseñas.,,
pending_manual_check,Dr. Neguib Villavicencio Raful,Dental,Querétaro,Juriquilla,55 6612 6068,525566126068,https://wa.me/525566126068,https://www.google.com/maps/search/?api=1&query=Dr.%20Neguib%20Villavicencio%20Raful%20World%20Trade%20Center%2C%20Torre%20M%C3%A9dica%20Momentum%2C%20P.%C2%BA%20de%20la%20Rep%C3%BAblica%2013020%20dentista%20Juriquilla%20Quer%C3%A9taro,public_business_phone_field,medium,"Google Maps detail no mostró dominio oficial; se observó Instagram como presencia digital, sin sitio propio enlazado.",,
pending_manual_check,NUTRIÓLOGA Brenda Núñez,Nutrición premium,CDMX,Condesa,55 1498 6180,525514986180,https://wa.me/525514986180,https://www.google.com/maps/search/?api=1&query=NUTRI%C3%93LOGA%20Brenda%20N%C3%BA%C3%B1ez%20C.%20Chilpancingo%2051%20nutri%C3%B3loga%20Condesa%20CDMX,public_business_phone_field,medium,Google Maps detail no mostró dominio oficial; reputación fuerte y servicio profesional de alto valor.,,
pending_manual_check,Fisioterapia/ rehabilitacion/terapia física y estimulación temprana Dra. Yaqui Ortega,Fisioterapia,CDMX,Coyoacán,452 169 4879,524521694879,https://wa.me/524521694879,https://www.google.com/maps/search/?api=1&query=Fisioterapia%2F%20rehabilitacion%2Fterapia%20f%C3%ADsica%20y%20estimulaci%C3%B3n%20temprana%20Dra.%20Yaqui%20Ortega%20Av.%20Coyoac%C3%A1n%201878-consultorio%201402%20fisioterapia%20Coyoac%C3%A1n%20CDMX,public_business_phone_field,medium,Google Maps detail no mostró dominio oficial; perfil profesional con reseñas sólidas y teléfono público.,,
pending_manual_check,Clínica Veterinaria Dr. Cabrera,Veterinaria,San Pedro Garza García,San Pedro,81 8040 8089,528180408089,https://wa.me/528180408089,https://www.google.com/maps/search/?api=1&query=Cl%C3%ADnica%20Veterinaria%20Dr.%20Cabrera%20%EF%95%8A%20%C2%B7%20Lazaro%20Garza%20Ayala%20155%2C%20entre%20Lic.%20Benito%20Juarez%20Sur%20y%20Morelos%20veterinaria%20San%20Pedro%20Garza%20Garc%C3%ADa,public_business_phone_field,medium,Google Maps detail no mostró dominio oficial; buena reputación en San Pedro.,,
pending_manual_check,Dental Valle Juriquilla,Dental,Querétaro,Juriquilla,729 524 5000,527295245000,https://wa.me/527295245000,https://www.google.com/maps/search/?api=1&query=Dental%20Valle%20Juriquilla%20Av.%20los%20Portones%201151-local%206%20dentista%20Juriquilla%20Quer%C3%A9taro,public_business_phone_field,medium,Google Maps detail no mostró dominio oficial; rating alto y teléfono visible.,,
pending_manual_check,Clínica Like U,Clínica estética,Querétaro,Juriquilla,442 317 2951,524423172951,https://wa.me/524423172951,https://www.google.com/maps/search/?api=1&query=Cl%C3%ADnica%20Like%20U%20Blvrd%20de%20la%20Campana%20952a%20cl%C3%ADnica%20est%C3%A9tica%20Juriquilla%20Quer%C3%A9taro,public_business_phone_field,medium,Google Maps detail no mostró dominio oficial; negocio visual donde una web puede mejorar confianza móvil.,,
pending_manual_check,Clínica Dermo Estética Dr. Rapha,Clínica estética,Querétaro,Juriquilla,446 142 0976,524461420976,https://wa.me/524461420976,https://www.google.com/maps/search/?api=1&query=Cl%C3%ADnica%20Dermo%20Est%C3%A9tica%20Dr.%20Rapha%20SANTINI%2C%20Blvrd%20de%20la%20Campana%20101%20ESQUINA%20cl%C3%ADnica%20est%C3%A9tica%20Juriquilla%20Quer%C3%A9taro,public_business_phone_field,medium,Google Maps detail no mostró dominio oficial; clínica estética con teléfono y rating alto.,,
pending_manual_check,BeautyFull Medicina Estetica,Clínica estética,CDMX,Polanco,55 1629 1792,525516291792,https://wa.me/525516291792,https://www.google.com/maps/search/?api=1&query=BeautyFull%20Medicina%20Estetica%20Av%20Moliere%20310%20cl%C3%ADnica%20est%C3%A9tica%20Polanco%20CDMX,public_business_phone_field,medium,Google Maps detail no mostró dominio oficial; ubicación premium y servicio visualmente sensible.,,
pending_manual_check,Acéntua Medicina Estética,Clínica estética,San Pedro Garza García,San Pedro,81 2629 4242,528126294242,https://wa.me/528126294242,https://www.google.com/maps/search/?api=1&query=Ac%C3%A9ntua%20Medicina%20Est%C3%A9tica%20Av.%20Manuel%20G%C3%B3mez%20Mor%C3%ADn%202111%20cl%C3%ADnica%20est%C3%A9tica%20San%20Pedro%20Garza%20Garc%C3%ADa,public_business_phone_field,medium,Google Maps detail no mostró dominio oficial; nicho y zona de alto ticket potencial.,,
pending_manual_check,Casa del Arquitecto,Arquitectura/interiorismo,CDMX,Roma Norte,55 5211 6051,525552116051,https://wa.me/525552116051,https://www.google.com/maps/search/?api=1&query=Casa%20del%20Arquitecto%20Av.%20Veracruz%2024%20arquitecto%20interiorismo%20Roma%20Norte%20CDMX,public_business_phone_field,medium,Google Maps detail no mostró dominio oficial; nicho visual donde una página profesional puede elevar percepción.,,
pending_manual_check,Fisioterapia y Rehabilitación Vertiz Narvarte,Fisioterapia,CDMX,Narvarte,55 1859 3073,525518593073,https://wa.me/525518593073,https://www.google.com/maps/search/?api=1&query=Fisioterapia%20y%20Rehabilitaci%C3%B3n%20Vertiz%20Narvarte%20DR%20vertiz%2C%20C.%20Dr.%20Jos%C3%A9%20Mar%C3%ADa%20V%C3%A9rtiz%20636%2C%20LT%20dr%20fisioterapia%20Narvarte%20CDMX,public_business_phone_field,medium,Google Maps detail no mostró dominio oficial; servicio de salud física con buena reputación local.,,
pending_manual_check,Psicame. Psicóloga,Psicología premium,CDMX,Del Valle,442 119 3848,524421193848,https://wa.me/524421193848,https://www.google.com/maps/search/?api=1&query=Psicame.%20Psic%C3%B3loga%20F%C3%A9liz%20Cuevas%2C%20Dr.%20Roberto%20Gayol%20520-Entrada%20por%20psic%C3%B3logo%20Del%20Valle%20CDMX,public_business_phone_field,medium,Google Maps detail no mostró dominio oficial; servicio profesional donde la claridad y discreción importan.,,
pending_manual_check,"Mover-T, Clínica de Fisioterapia Integral",Fisioterapia,CDMX,Narvarte,55 7042 2895,525570422895,https://wa.me/525570422895,https://www.google.com/maps/search/?api=1&query=Mover-T%2C%20Cl%C3%ADnica%20de%20Fisioterapia%20Integral%20Pilares%20506%20fisioterapia%20Narvarte%20CDMX,public_business_phone_field,medium,"Google Maps detail no mostró dominio oficial; oportunidad para ordenar servicios, ubicación y contacto.",,
pending_manual_check,Yuvā Medicina Estética,Clínica estética,CDMX,Roma Norte,55 6543 8248,525565438248,https://wa.me/525565438248,https://www.google.com/maps/search/?api=1&query=Yuv%C4%81%20Medicina%20Est%C3%A9tica%20M%C3%A9rida%20255%20cl%C3%ADnica%20est%C3%A9tica%20Roma%20Norte%20CDMX,public_business_phone_field,medium,Google Maps detail no mostró dominio oficial; clínica estética con rating alto en Roma Norte.,,
pending_manual_check,18setenta CDMX,Arquitectura/interiorismo,CDMX,Polanco,55 9079 0613,525590790613,https://wa.me/525590790613,https://www.google.com/maps/search/?api=1&query=18setenta%20CDMX%20Av%20Moliere%20129%20dise%C3%B1o%20interior%20Polanco%20CDMX,public_business_phone_field,medium,Google Maps detail no mostró dominio oficial; interiorismo requiere presentación visual cuidada.,,
pending_manual_check,Clínica Dental Condesa,Dental,CDMX,Condesa,55 5286 5223,525552865223,https://wa.me/525552865223,https://www.google.com/maps/search/?api=1&query=Cl%C3%ADnica%20Dental%20Condesa%20Av.%20Veracruz%2028%20B%20dentista%20Condesa%20CDMX,public_business_phone_field,medium,Google Maps detail no mostró dominio oficial; rating perfecto aunque con menor volumen de reseñas.,,
pending_manual_check,Estudio Fisio Coyoacán,Fisioterapia,CDMX,Coyoacán,55 2854 7347,525528547347,https://wa.me/525528547347,https://www.google.com/maps/search/?api=1&query=Estudio%20Fisio%20Coyoac%C3%A1n%20Londres%20113%20fisioterapia%20Coyoac%C3%A1n%20CDMX,public_business_phone_field,medium,"Google Maps detail no mostró dominio oficial; oportunidad para explicar valoración, servicios y ubicación.",,
pending_manual_check,Centro Refforza,Fisioterapia,CDMX,Condesa,55 5211 1078,525552111078,https://wa.me/525552111078,https://www.google.com/maps/search/?api=1&query=Centro%20Refforza%20Campeche%20289%20fisioterapia%20Condesa%20CDMX,public_business_phone_field,medium,Google Maps detail no mostró dominio oficial; reseñas suficientes y zona atractiva.,,
pending_manual_check,Óptica Mr Soul Eyewear,Óptica premium,CDMX,Condesa,55 7160 0243,525571600243,https://wa.me/525571600243,https://www.google.com/maps/search/?api=1&query=%C3%93ptica%20Mr%20Soul%20Eyewear%20%C3%81msterdam%20171%20Colonia%20%C3%B3ptica%20Condesa%20CDMX,public_business_phone_field,medium,Google Maps detail no mostró dominio oficial; producto visual donde una página con catálogo/servicios puede ayudar.,,
