priority,score,business_name,niche,city,zone,rating,reviews_count,website_status,problem_detected,phone,original_phone,normalized_phone,phone_status,normalization_notes,is_agency_number,is_duplicate,recommended_action,instagram,google_maps_url,demo_url,homepage_url,contact_person,status,notes
A,15,Clinica Dental Muelitas,Dental,Ciudad de México,Bosques,,,No website found in public source,No se encontró sitio web oficial en la fuente pública consultada.,5572342564,5572342564,525572342564,valid_format_only,Normalizado como teléfono mexicano público; no implica que exista en WhatsApp.,no,no,Pasar a verificación manual de WhatsApp.,,https://www.google.com/maps/search/?api=1&query=Clinica%20Dental%20Muelitas%20Ciudad%20de%20M%C3%A9xico%20Bosques,,https://nexo-local-studio-public.vercel.app,No público,ready_for_whatsapp_verification,Fuente pública: OpenStreetMap (https://www.openstreetmap.org/node/12528020995). Estado web: No website found in public source. Teléfono público; WhatsApp pendiente de verificación manual. Revisar visualmente el negocio antes de enviar si hay duda.
A,15,Clínica De Especialidades Dentales,Dental,Huixquilucan,Huixquilucan,,,No website found in public source,No se encontró sitio web oficial en la fuente pública consultada.,5582841112,5582841112,525582841112,valid_format_only,Normalizado como teléfono mexicano público; no implica que exista en WhatsApp.,no,no,Pasar a verificación manual de WhatsApp.,,https://www.google.com/maps/search/?api=1&query=Cl%C3%ADnica%20De%20Especialidades%20Dentales%20Huixquilucan%20Huixquilucan,,https://nexo-local-studio-public.vercel.app,No público,ready_for_whatsapp_verification,Fuente pública: OpenStreetMap (https://www.openstreetmap.org/node/12594393092). Estado web: No website found in public source. Teléfono público; WhatsApp pendiente de verificación manual. Revisar visualmente el negocio antes de enviar si hay duda.
A,15,"Consultorio ""Estudio dental""",Dental,Huixquilucan,Huixquilucan,,,No website found in public source,No se encontró sitio web oficial en la fuente pública consultada.,5529087101,5529087101,525529087101,valid_format_only,Normalizado como teléfono mexicano público; no implica que exista en WhatsApp.,no,no,Pasar a verificación manual de WhatsApp.,,https://www.google.com/maps/search/?api=1&query=Consultorio%20%22Estudio%20dental%22%20Huixquilucan%20Huixquilucan,,https://nexo-local-studio-public.vercel.app,No público,ready_for_whatsapp_verification,Fuente pública: OpenStreetMap (https://www.openstreetmap.org/node/12525661080). Estado web: No website found in public source. Teléfono público; WhatsApp pendiente de verificación manual. Revisar visualmente el negocio antes de enviar si hay duda.
A,15,Consultorio Dental Alfa Y Omega,Dental,Huixquilucan,Huixquilucan,,,No website found in public source,No se encontró sitio web oficial en la fuente pública consultada.,5547863775,5547863775,525547863775,valid_format_only,Normalizado como teléfono mexicano público; no implica que exista en WhatsApp.,no,no,Pasar a verificación manual de WhatsApp.,,https://www.google.com/maps/search/?api=1&query=Consultorio%20Dental%20Alfa%20Y%20Omega%20Huixquilucan%20Huixquilucan,,https://nexo-local-studio-public.vercel.app,No público,ready_for_whatsapp_verification,Fuente pública: OpenStreetMap (https://www.openstreetmap.org/node/12512443693). Estado web: No website found in public source. Teléfono público; WhatsApp pendiente de verificación manual. Revisar visualmente el negocio antes de enviar si hay duda.
A,15,Consultorio Dental Cyty,Dental,Huixquilucan,Huixquilucan,,,No website found in public source,No se encontró sitio web oficial en la fuente pública consultada.,5582840023,5582840023,525582840023,valid_format_only,Normalizado como teléfono mexicano público; no implica que exista en WhatsApp.,no,no,Pasar a verificación manual de WhatsApp.,,https://www.google.com/maps/search/?api=1&query=Consultorio%20Dental%20Cyty%20Huixquilucan%20Huixquilucan,,https://nexo-local-studio-public.vercel.app,No público,ready_for_whatsapp_verification,Fuente pública: OpenStreetMap (https://www.openstreetmap.org/node/12512605307). Estado web: No website found in public source. Teléfono público; WhatsApp pendiente de verificación manual. Revisar visualmente el negocio antes de enviar si hay duda.
A,15,Consultorio Dental Garden,Dental,Huixquilucan,Huixquilucan,,,No website found in public source,No se encontró sitio web oficial en la fuente pública consultada.,5580990629,5580990629,525580990629,valid_format_only,Normalizado como teléfono mexicano público; no implica que exista en WhatsApp.,no,no,Pasar a verificación manual de WhatsApp.,,https://www.google.com/maps/search/?api=1&query=Consultorio%20Dental%20Garden%20Huixquilucan%20Huixquilucan,,https://nexo-local-studio-public.vercel.app,No público,ready_for_whatsapp_verification,Fuente pública: OpenStreetMap (https://www.openstreetmap.org/node/12527937391). Estado web: No website found in public source. Teléfono público; WhatsApp pendiente de verificación manual. Revisar visualmente el negocio antes de enviar si hay duda.
A,15,Consultorio Dental Integral,Dental,Huixquilucan,Huixquilucan,,,No website found in public source,No se encontró sitio web oficial en la fuente pública consultada.,5522704039,5522704039,525522704039,valid_format_only,Normalizado como teléfono mexicano público; no implica que exista en WhatsApp.,no,no,Pasar a verificación manual de WhatsApp.,,https://www.google.com/maps/search/?api=1&query=Consultorio%20Dental%20Integral%20Huixquilucan%20Huixquilucan,,https://nexo-local-studio-public.vercel.app,No público,ready_for_whatsapp_verification,Fuente pública: OpenStreetMap (https://www.openstreetmap.org/node/12542978616). Estado web: No website found in public source. Teléfono público; WhatsApp pendiente de verificación manual. Revisar visualmente el negocio antes de enviar si hay duda.
A,15,Consultorio Dental Jacarandas,Dental,Huixquilucan,Huixquilucan,,,No website found in public source,No se encontró sitio web oficial en la fuente pública consultada.,5539440639,5539440639,525539440639,valid_format_only,Normalizado como teléfono mexicano público; no implica que exista en WhatsApp.,no,no,Pasar a verificación manual de WhatsApp.,,https://www.google.com/maps/search/?api=1&query=Consultorio%20Dental%20Jacarandas%20Huixquilucan%20Huixquilucan,,https://nexo-local-studio-public.vercel.app,No público,ready_for_whatsapp_verification,Fuente pública: OpenStreetMap (https://www.openstreetmap.org/node/12626575254). Estado web: No website found in public source. Teléfono público; WhatsApp pendiente de verificación manual. Revisar visualmente el negocio antes de enviar si hay duda.
A,15,Consultorio Dental Kenco,Dental,Huixquilucan,Huixquilucan,,,No website found in public source,No se encontró sitio web oficial en la fuente pública consultada.,5548072331,5548072331,525548072331,valid_format_only,Normalizado como teléfono mexicano público; no implica que exista en WhatsApp.,no,no,Pasar a verificación manual de WhatsApp.,,https://www.google.com/maps/search/?api=1&query=Consultorio%20Dental%20Kenco%20Huixquilucan%20Huixquilucan,,https://nexo-local-studio-public.vercel.app,No público,ready_for_whatsapp_verification,Fuente pública: OpenStreetMap (https://www.openstreetmap.org/node/12530589158). Estado web: No website found in public source. Teléfono público; WhatsApp pendiente de verificación manual. Revisar visualmente el negocio antes de enviar si hay duda.
A,15,Consultorio Dental Tu Sonrisa,Dental,Huixquilucan,Huixquilucan,,,No website found in public source,No se encontró sitio web oficial en la fuente pública consultada.,5591030575,5591030575,525591030575,valid_format_only,Normalizado como teléfono mexicano público; no implica que exista en WhatsApp.,no,no,Pasar a verificación manual de WhatsApp.,,https://www.google.com/maps/search/?api=1&query=Consultorio%20Dental%20Tu%20Sonrisa%20Huixquilucan%20Huixquilucan,,https://nexo-local-studio-public.vercel.app,No público,ready_for_whatsapp_verification,Fuente pública: OpenStreetMap (https://www.openstreetmap.org/node/12554862078). Estado web: No website found in public source. Teléfono público; WhatsApp pendiente de verificación manual. Revisar visualmente el negocio antes de enviar si hay duda.
A,15,Consultorio Dental Unam,Dental,Huixquilucan,Huixquilucan,,,No website found in public source,No se encontró sitio web oficial en la fuente pública consultada.,5519167672,5519167672,525519167672,valid_format_only,Normalizado como teléfono mexicano público; no implica que exista en WhatsApp.,no,no,Pasar a verificación manual de WhatsApp.,,https://www.google.com/maps/search/?api=1&query=Consultorio%20Dental%20Unam%20Huixquilucan%20Huixquilucan,,https://nexo-local-studio-public.vercel.app,No público,ready_for_whatsapp_verification,Fuente pública: OpenStreetMap (https://www.openstreetmap.org/node/12554754093). Estado web: No website found in public source. Teléfono público; WhatsApp pendiente de verificación manual. Revisar visualmente el negocio antes de enviar si hay duda.
A,15,Consultorio Dental Velasco,Dental,Huixquilucan,Huixquilucan,,,No website found in public source,No se encontró sitio web oficial en la fuente pública consultada.,5510090032,5510090032,525510090032,valid_format_only,Normalizado como teléfono mexicano público; no implica que exista en WhatsApp.,no,no,Pasar a verificación manual de WhatsApp.,,https://www.google.com/maps/search/?api=1&query=Consultorio%20Dental%20Velasco%20Huixquilucan%20Huixquilucan,,https://nexo-local-studio-public.vercel.app,No público,ready_for_whatsapp_verification,Fuente pública: OpenStreetMap (https://www.openstreetmap.org/node/12560288353). Estado web: No website found in public source. Teléfono público; WhatsApp pendiente de verificación manual. Revisar visualmente el negocio antes de enviar si hay duda.
A,15,Consultorio Dental Visu Dent,Dental,Huixquilucan,Huixquilucan,,,No website found in public source,No se encontró sitio web oficial en la fuente pública consultada.,5564624882,5564624882,525564624882,valid_format_only,Normalizado como teléfono mexicano público; no implica que exista en WhatsApp.,no,no,Pasar a verificación manual de WhatsApp.,,https://www.google.com/maps/search/?api=1&query=Consultorio%20Dental%20Visu%20Dent%20Huixquilucan%20Huixquilucan,,https://nexo-local-studio-public.vercel.app,No público,ready_for_whatsapp_verification,Fuente pública: OpenStreetMap (https://www.openstreetmap.org/node/12532779779). Estado web: No website found in public source. Teléfono público; WhatsApp pendiente de verificación manual. Revisar visualmente el negocio antes de enviar si hay duda.
A,15,Consultorio Y Estetica Dental,Dental,Huixquilucan,Huixquilucan,,,No website found in public source,No se encontró sitio web oficial en la fuente pública consultada.,5582842977,5582842977,525582842977,valid_format_only,Normalizado como teléfono mexicano público; no implica que exista en WhatsApp.,no,no,Pasar a verificación manual de WhatsApp.,,https://www.google.com/maps/search/?api=1&query=Consultorio%20Y%20Estetica%20Dental%20Huixquilucan%20Huixquilucan,,https://nexo-local-studio-public.vercel.app,No público,ready_for_whatsapp_verification,Fuente pública: OpenStreetMap (https://www.openstreetmap.org/node/12705368870). Estado web: No website found in public source. Teléfono público; WhatsApp pendiente de verificación manual. Revisar visualmente el negocio antes de enviar si hay duda.
A,15,Dental Aesthetics,Dental,Huixquilucan,Huixquilucan,,,No website found in public source,No se encontró sitio web oficial en la fuente pública consultada.,5552950272,5552950272,525552950272,valid_format_only,Normalizado como teléfono mexicano público; no implica que exista en WhatsApp.,no,no,Pasar a verificación manual de WhatsApp.,,https://www.google.com/maps/search/?api=1&query=Dental%20Aesthetics%20Huixquilucan%20Huixquilucan,,https://nexo-local-studio-public.vercel.app,No público,ready_for_whatsapp_verification,Fuente pública: OpenStreetMap (https://www.openstreetmap.org/node/12527850953). Estado web: No website found in public source. Teléfono público; WhatsApp pendiente de verificación manual. Revisar visualmente el negocio antes de enviar si hay duda.
A,15,Dental Ali,Dental,Huixquilucan,Huixquilucan,,,No website found in public source,No se encontró sitio web oficial en la fuente pública consultada.,5562055230,5562055230,525562055230,valid_format_only,Normalizado como teléfono mexicano público; no implica que exista en WhatsApp.,no,no,Pasar a verificación manual de WhatsApp.,,https://www.google.com/maps/search/?api=1&query=Dental%20Ali%20Huixquilucan%20Huixquilucan,,https://nexo-local-studio-public.vercel.app,No público,ready_for_whatsapp_verification,Fuente pública: OpenStreetMap (https://www.openstreetmap.org/node/12547869610). Estado web: No website found in public source. Teléfono público; WhatsApp pendiente de verificación manual. Revisar visualmente el negocio antes de enviar si hay duda.
A,14,Walking Pet's Clínica Veterinaria,Veterinaria,Lomas de Zapopan,Lomas de Zapopan,,,No website found in public source,No se encontró sitio web oficial en la fuente pública consultada.,+523314531319,+523314531319,523314531319,valid_format_only,Normalizado como teléfono mexicano público; no implica que exista en WhatsApp.,no,no,Pasar a verificación manual de WhatsApp.,,https://www.google.com/maps/search/?api=1&query=Walking%20Pet%27s%20Cl%C3%ADnica%20Veterinaria%20Lomas%20de%20Zapopan%20Lomas%20de%20Zapopan,,https://nexo-local-studio-public.vercel.app,No público,ready_for_whatsapp_verification,Fuente pública: OpenStreetMap (https://www.openstreetmap.org/node/10132588003). Estado web: No website found in public source. Teléfono público; WhatsApp pendiente de verificación manual. Revisar visualmente el negocio antes de enviar si hay duda.
A,14,Clinica Veterinaria Pegaso,Veterinaria,Santiago de Querétaro,Lomas del Marques,,,No website found in public source,No se encontró sitio web oficial en la fuente pública consultada.,+524422142573,+524422142573,524422142573,valid_format_only,Normalizado como teléfono mexicano público; no implica que exista en WhatsApp.,no,no,Pasar a verificación manual de WhatsApp.,,https://www.google.com/maps/search/?api=1&query=Clinica%20Veterinaria%20Pegaso%20Santiago%20de%20Quer%C3%A9taro%20Lomas%20del%20Marques,,https://nexo-local-studio-public.vercel.app,No público,ready_for_whatsapp_verification,Fuente pública: OpenStreetMap (https://www.openstreetmap.org/way/1314731347). Estado web: No website found in public source. Teléfono público; WhatsApp pendiente de verificación manual. Revisar visualmente el negocio antes de enviar si hay duda.
A,13,La Casa de los Animales,Veterinaria,Mérida,Mérida,,,No website found in public source,No se encontró sitio web oficial en la fuente pública consultada.,+52 9991774818,+52 9991774818,529991774818,valid_format_only,Normalizado como teléfono mexicano público; no implica que exista en WhatsApp.,no,no,Pasar a verificación manual de WhatsApp.,,https://www.google.com/maps/search/?api=1&query=La%20Casa%20de%20los%20Animales%20M%C3%A9rida%20M%C3%A9rida,,https://nexo-local-studio-public.vercel.app,No público,ready_for_whatsapp_verification,Fuente pública: OpenStreetMap (https://www.openstreetmap.org/node/13937962901). Estado web: No website found in public source. Teléfono público; WhatsApp pendiente de verificación manual. Revisar visualmente el negocio antes de enviar si hay duda.
A,13,Misión Animal,Veterinaria,Mérida,Mérida,,,No website found in public source,No se encontró sitio web oficial en la fuente pública consultada.,9991833102,9991833102,529991833102,valid_format_only,Normalizado como teléfono mexicano público; no implica que exista en WhatsApp.,no,no,Pasar a verificación manual de WhatsApp.,,https://www.google.com/maps/search/?api=1&query=Misi%C3%B3n%20Animal%20M%C3%A9rida%20M%C3%A9rida,,https://nexo-local-studio-public.vercel.app,No público,ready_for_whatsapp_verification,Fuente pública: OpenStreetMap (https://www.openstreetmap.org/node/4351769189). Estado web: No website found in public source. Teléfono público; WhatsApp pendiente de verificación manual. Revisar visualmente el negocio antes de enviar si hay duda.
A,13,Aztlan,Veterinaria,Querétaro,Querétaro,,,No website found in public source,No se encontró sitio web oficial en la fuente pública consultada.,+52 442 193 4702;+52 442 594 5747;+52 442 747 3148,+52 442 193 4702;+52 442 594 5747;+52 442 747 3148,524421934702,valid_format_only,Normalizado como teléfono mexicano público; no implica que exista en WhatsApp.,no,no,Pasar a verificación manual de WhatsApp.,,https://www.google.com/maps/search/?api=1&query=Aztlan%20Quer%C3%A9taro%20Quer%C3%A9taro,,https://nexo-local-studio-public.vercel.app,No público,ready_for_whatsapp_verification,Fuente pública: OpenStreetMap (https://www.openstreetmap.org/node/12787489346). Estado web: No website found in public source. Teléfono público; WhatsApp pendiente de verificación manual. Revisar visualmente el negocio antes de enviar si hay duda.
A,13,PetSet,Veterinaria,Querétaro,Querétaro,,,No website found in public source,No se encontró sitio web oficial en la fuente pública consultada.,442 495 8600,442 495 8600,524424958600,valid_format_only,Normalizado como teléfono mexicano público; no implica que exista en WhatsApp.,no,no,Pasar a verificación manual de WhatsApp.,,https://www.google.com/maps/search/?api=1&query=PetSet%20Quer%C3%A9taro%20Quer%C3%A9taro,,https://nexo-local-studio-public.vercel.app,No público,ready_for_whatsapp_verification,Fuente pública: OpenStreetMap (https://www.openstreetmap.org/node/12563312901). Estado web: No website found in public source. Teléfono público; WhatsApp pendiente de verificación manual. Revisar visualmente el negocio antes de enviar si hay duda.
A,13,Borzoi Clínica Veterinaria,Veterinaria,Zapopan,Zapopan,,,Only social/profile link found,"La fuente pública muestra solo red social/perfil, no sitio propio moderno.",+52 33 36735680,+52 33 36735680,523336735680,valid_format_only,Normalizado como teléfono mexicano público; no implica que exista en WhatsApp.,no,no,Pasar a verificación manual de WhatsApp.,,https://www.google.com/maps/search/?api=1&query=Borzoi%20Cl%C3%ADnica%20Veterinaria%20Zapopan%20Zapopan,,https://nexo-local-studio-public.vercel.app,No público,ready_for_whatsapp_verification,Fuente pública: OpenStreetMap (https://www.openstreetmap.org/node/6141453852). Estado web: Only social/profile link found. Teléfono público; WhatsApp pendiente de verificación manual. Revisar visualmente el negocio antes de enviar si hay duda.
A,13,Charlotte Pets,Veterinaria,Zapopan,Zapopan,,,Only social/profile link found,"La fuente pública muestra solo red social/perfil, no sitio propio moderno.",+52 33 1815 1001,+52 33 1815 1001,523318151001,valid_format_only,Normalizado como teléfono mexicano público; no implica que exista en WhatsApp.,no,no,Pasar a verificación manual de WhatsApp.,,https://www.google.com/maps/search/?api=1&query=Charlotte%20Pets%20Zapopan%20Zapopan,,https://nexo-local-studio-public.vercel.app,No público,ready_for_whatsapp_verification,Fuente pública: OpenStreetMap (https://www.openstreetmap.org/node/5908702042). Estado web: Only social/profile link found. Teléfono público; WhatsApp pendiente de verificación manual. Revisar visualmente el negocio antes de enviar si hay duda.
A,13,Clinica Veterinaria San Gabriel,Veterinaria,Zapopan,Zapopan,,,No website found in public source,No se encontró sitio web oficial en la fuente pública consultada.,+52 3338323529,+52 3338323529,523338323529,valid_format_only,Normalizado como teléfono mexicano público; no implica que exista en WhatsApp.,no,no,Pasar a verificación manual de WhatsApp.,,https://www.google.com/maps/search/?api=1&query=Clinica%20Veterinaria%20San%20Gabriel%20Zapopan%20Zapopan,,https://nexo-local-studio-public.vercel.app,No público,ready_for_whatsapp_verification,Fuente pública: OpenStreetMap (https://www.openstreetmap.org/node/10132628485). Estado web: No website found in public source. Teléfono público; WhatsApp pendiente de verificación manual. Revisar visualmente el negocio antes de enviar si hay duda.
A,13,Clinican,Veterinaria,Zapopan,Zapopan,,,No website found in public source,No se encontró sitio web oficial en la fuente pública consultada.,+5213335690431,+5213335690431,523335690431,valid_format_only,Normalizado como teléfono mexicano público; no implica que exista en WhatsApp.,no,no,Pasar a verificación manual de WhatsApp.,,https://www.google.com/maps/search/?api=1&query=Clinican%20Zapopan%20Zapopan,,https://nexo-local-studio-public.vercel.app,No público,ready_for_whatsapp_verification,Fuente pública: OpenStreetMap (https://www.openstreetmap.org/node/10132477783). Estado web: No website found in public source. Teléfono público; WhatsApp pendiente de verificación manual. Revisar visualmente el negocio antes de enviar si hay duda.
A,14,Optica Mexico,Óptica premium,Huixquilucan,Huixquilucan,,,No website found in public source,No se encontró sitio web oficial en la fuente pública consultada.,5552742443,5552742443,525552742443,valid_format_only,Normalizado como teléfono mexicano público; no implica que exista en WhatsApp.,no,no,Pasar a verificación manual de WhatsApp.,,https://www.google.com/maps/search/?api=1&query=Optica%20Mexico%20Huixquilucan%20Huixquilucan,,https://nexo-local-studio-public.vercel.app,No público,ready_for_whatsapp_verification,Fuente pública: OpenStreetMap (https://www.openstreetmap.org/node/12542398348). Estado web: No website found in public source. Teléfono público; WhatsApp pendiente de verificación manual. Revisar visualmente el negocio antes de enviar si hay duda.
A,13,Optica Garcia,Óptica premium,Cholula de Rivadavia,Cholula de Rivadavia,,,No website found in public source,No se encontró sitio web oficial en la fuente pública consultada.,+522222478698,+522222478698,522222478698,valid_format_only,Normalizado como teléfono mexicano público; no implica que exista en WhatsApp.,no,no,Pasar a verificación manual de WhatsApp.,,https://www.google.com/maps/search/?api=1&query=Optica%20Garcia%20Cholula%20de%20Rivadavia%20Cholula%20de%20Rivadavia,,https://nexo-local-studio-public.vercel.app,No público,ready_for_whatsapp_verification,Fuente pública: OpenStreetMap (https://www.openstreetmap.org/node/10650467740). Estado web: No website found in public source. Teléfono público; WhatsApp pendiente de verificación manual. Revisar visualmente el negocio antes de enviar si hay duda.
A,13,Optica Gufer,Óptica premium,Cholula de Rivadavia,Cholula de Rivadavia,,,No website found in public source,No se encontró sitio web oficial en la fuente pública consultada.,+522222478080,+522222478080,522222478080,valid_format_only,Normalizado como teléfono mexicano público; no implica que exista en WhatsApp.,no,no,Pasar a verificación manual de WhatsApp.,,https://www.google.com/maps/search/?api=1&query=Optica%20Gufer%20Cholula%20de%20Rivadavia%20Cholula%20de%20Rivadavia,,https://nexo-local-studio-public.vercel.app,No público,ready_for_whatsapp_verification,Fuente pública: OpenStreetMap (https://www.openstreetmap.org/node/10624066608). Estado web: No website found in public source. Teléfono público; WhatsApp pendiente de verificación manual. Revisar visualmente el negocio antes de enviar si hay duda.
A,13,Optilent,Óptica premium,Cholula de Rivadavia,Cholula de Rivadavia,,,No website found in public source,No se encontró sitio web oficial en la fuente pública consultada.,+522224086790,+522224086790,522224086790,valid_format_only,Normalizado como teléfono mexicano público; no implica que exista en WhatsApp.,no,no,Pasar a verificación manual de WhatsApp.,,https://www.google.com/maps/search/?api=1&query=Optilent%20Cholula%20de%20Rivadavia%20Cholula%20de%20Rivadavia,,https://nexo-local-studio-public.vercel.app,No público,ready_for_whatsapp_verification,Fuente pública: OpenStreetMap (https://www.openstreetmap.org/node/10048342757). Estado web: No website found in public source. Teléfono público; WhatsApp pendiente de verificación manual. Revisar visualmente el negocio antes de enviar si hay duda.
A,13,Óptica Massari Cholula,Óptica premium,Cholula de Rivadavia,Cholula de Rivadavia,,,No website found in public source,No se encontró sitio web oficial en la fuente pública consultada.,+522212236020,+522212236020,522212236020,valid_format_only,Normalizado como teléfono mexicano público; no implica que exista en WhatsApp.,no,no,Pasar a verificación manual de WhatsApp.,,https://www.google.com/maps/search/?api=1&query=%C3%93ptica%20Massari%20Cholula%20Cholula%20de%20Rivadavia%20Cholula%20de%20Rivadavia,,https://nexo-local-studio-public.vercel.app,No público,ready_for_whatsapp_verification,Fuente pública: OpenStreetMap (https://www.openstreetmap.org/node/10281246916). Estado web: No website found in public source. Teléfono público; WhatsApp pendiente de verificación manual. Revisar visualmente el negocio antes de enviar si hay duda.
A,13,Óptica Simlares,Óptica premium,Cholula de Rivadavia,Cholula de Rivadavia,,,No website found in public source,No se encontró sitio web oficial en la fuente pública consultada.,+522221782320,+522221782320,522221782320,valid_format_only,Normalizado como teléfono mexicano público; no implica que exista en WhatsApp.,no,no,Pasar a verificación manual de WhatsApp.,,https://www.google.com/maps/search/?api=1&query=%C3%93ptica%20Simlares%20Cholula%20de%20Rivadavia%20Cholula%20de%20Rivadavia,,https://nexo-local-studio-public.vercel.app,No público,ready_for_whatsapp_verification,Fuente pública: OpenStreetMap (https://www.openstreetmap.org/node/10281195233). Estado web: No website found in public source. Teléfono público; WhatsApp pendiente de verificación manual. Revisar visualmente el negocio antes de enviar si hay duda.
A,13,Óptica Mañe,Óptica premium,Mérida,Mérida,,,No website found in public source,No se encontró sitio web oficial en la fuente pública consultada.,9999244493,9999244493,529999244493,valid_format_only,Normalizado como teléfono mexicano público; no implica que exista en WhatsApp.,no,no,Pasar a verificación manual de WhatsApp.,,https://www.google.com/maps/search/?api=1&query=%C3%93ptica%20Ma%C3%B1e%20M%C3%A9rida%20M%C3%A9rida,,https://nexo-local-studio-public.vercel.app,No público,ready_for_whatsapp_verification,Fuente pública: OpenStreetMap (https://www.openstreetmap.org/node/4346735890). Estado web: No website found in public source. Teléfono público; WhatsApp pendiente de verificación manual. Revisar visualmente el negocio antes de enviar si hay duda.
B,12,Esqui crepas,Restaurante boutique,Huixquilucan,Huixquilucan,,,No website found in public source,No se encontró sitio web oficial en la fuente pública consultada.,5516972096,5516972096,525516972096,valid_format_only,Normalizado como teléfono mexicano público; no implica que exista en WhatsApp.,no,no,Pasar a verificación manual de WhatsApp.,,https://www.google.com/maps/search/?api=1&query=Esqui%20crepas%20Huixquilucan%20Huixquilucan,,https://nexo-local-studio-public.vercel.app,No público,ready_for_whatsapp_verification,Fuente pública: OpenStreetMap (https://www.openstreetmap.org/node/9780291737). Estado web: No website found in public source. Teléfono público; WhatsApp pendiente de verificación manual. Revisar visualmente el negocio antes de enviar si hay duda.
B,12,Tori Sushi,Restaurante boutique,Querétaro,Lomas del Marques,,,No website found in public source,No se encontró sitio web oficial en la fuente pública consultada.,442 245 5874,442 245 5874,524422455874,valid_format_only,Normalizado como teléfono mexicano público; no implica que exista en WhatsApp.,no,no,Pasar a verificación manual de WhatsApp.,,https://www.google.com/maps/search/?api=1&query=Tori%20Sushi%20Quer%C3%A9taro%20Lomas%20del%20Marques,,https://nexo-local-studio-public.vercel.app,No público,ready_for_whatsapp_verification,Fuente pública: OpenStreetMap (https://www.openstreetmap.org/way/1315399901). Estado web: No website found in public source. Teléfono público; WhatsApp pendiente de verificación manual. Revisar visualmente el negocio antes de enviar si hay duda.
B,12,Chef Silvano,Restaurante boutique,San Pedro Garza García,San Pedro Garza García,,,No website found in public source,No se encontró sitio web oficial en la fuente pública consultada.,+52 818 338 1371,+52 818 338 1371,528183381371,valid_format_only,Normalizado como teléfono mexicano público; no implica que exista en WhatsApp.,no,no,Pasar a verificación manual de WhatsApp.,,https://www.google.com/maps/search/?api=1&query=Chef%20Silvano%20San%20Pedro%20Garza%20Garc%C3%ADa%20San%20Pedro%20Garza%20Garc%C3%ADa,,https://nexo-local-studio-public.vercel.app,No público,ready_for_whatsapp_verification,Fuente pública: OpenStreetMap (https://www.openstreetmap.org/node/10738664512). Estado web: No website found in public source. Teléfono público; WhatsApp pendiente de verificación manual. Revisar visualmente el negocio antes de enviar si hay duda.
B,12,El Guayabi,Restaurante boutique,San Pedro Garza García,San Pedro Garza García,,,Only social/profile link found,"La fuente pública muestra solo red social/perfil, no sitio propio moderno.",8125107257,8125107257,528125107257,valid_format_only,Normalizado como teléfono mexicano público; no implica que exista en WhatsApp.,no,no,Pasar a verificación manual de WhatsApp.,,https://www.google.com/maps/search/?api=1&query=El%20Guayabi%20San%20Pedro%20Garza%20Garc%C3%ADa%20San%20Pedro%20Garza%20Garc%C3%ADa,,https://nexo-local-studio-public.vercel.app,No público,ready_for_whatsapp_verification,Fuente pública: OpenStreetMap (https://www.openstreetmap.org/node/9321296817). Estado web: Only social/profile link found. Teléfono público; WhatsApp pendiente de verificación manual. Revisar visualmente el negocio antes de enviar si hay duda.
B,12,Tortillas Españolas Tillos,Restaurante boutique,San Pedro Garza García,San Pedro Garza García,,,No website found in public source,No se encontró sitio web oficial en la fuente pública consultada.,+528136011179,+528136011179,528136011179,valid_format_only,Normalizado como teléfono mexicano público; no implica que exista en WhatsApp.,no,no,Pasar a verificación manual de WhatsApp.,,https://www.google.com/maps/search/?api=1&query=Tortillas%20Espa%C3%B1olas%20Tillos%20San%20Pedro%20Garza%20Garc%C3%ADa%20San%20Pedro%20Garza%20Garc%C3%ADa,,https://nexo-local-studio-public.vercel.app,No público,ready_for_whatsapp_verification,Fuente pública: OpenStreetMap (https://www.openstreetmap.org/node/7463779193). Estado web: No website found in public source. Teléfono público; WhatsApp pendiente de verificación manual. Revisar visualmente el negocio antes de enviar si hay duda.
A,13,Terapias Orientales,Fisioterapia,Mérida,Mérida,,,No website found in public source,No se encontró sitio web oficial en la fuente pública consultada.,9991914209,9991914209,529991914209,valid_format_only,Normalizado como teléfono mexicano público; no implica que exista en WhatsApp.,no,no,Pasar a verificación manual de WhatsApp.,,https://www.google.com/maps/search/?api=1&query=Terapias%20Orientales%20M%C3%A9rida%20M%C3%A9rida,,https://nexo-local-studio-public.vercel.app,No público,ready_for_whatsapp_verification,Fuente pública: OpenStreetMap (https://www.openstreetmap.org/node/13850807201). Estado web: No website found in public source. Teléfono público; WhatsApp pendiente de verificación manual. Revisar visualmente el negocio antes de enviar si hay duda.
A,13,Fisiointegrate Fisioterapia y Rehabilitación,Fisioterapia,Querétaro,Querétaro,,,No website found in public source,No se encontró sitio web oficial en la fuente pública consultada.,4427134198,4427134198,524427134198,valid_format_only,Normalizado como teléfono mexicano público; no implica que exista en WhatsApp.,no,no,Pasar a verificación manual de WhatsApp.,,https://www.google.com/maps/search/?api=1&query=Fisiointegrate%20Fisioterapia%20y%20Rehabilitaci%C3%B3n%20Quer%C3%A9taro%20Quer%C3%A9taro,,https://nexo-local-studio-public.vercel.app,No público,ready_for_whatsapp_verification,Fuente pública: OpenStreetMap (https://www.openstreetmap.org/node/10205832901). Estado web: No website found in public source. Teléfono público; WhatsApp pendiente de verificación manual. Revisar visualmente el negocio antes de enviar si hay duda.
A,13,KLEB,Fisioterapia,"cholula, puebla","cholula, puebla",,,No website found in public source,No se encontró sitio web oficial en la fuente pública consultada.,+522221971107,+522221971107,522221971107,valid_format_only,Normalizado como teléfono mexicano público; no implica que exista en WhatsApp.,no,no,Pasar a verificación manual de WhatsApp.,,https://www.google.com/maps/search/?api=1&query=KLEB%20cholula%2C%20puebla%20cholula%2C%20puebla,,https://nexo-local-studio-public.vercel.app,No público,ready_for_whatsapp_verification,Fuente pública: OpenStreetMap (https://www.openstreetmap.org/node/10647062660). Estado web: No website found in public source. Teléfono público; WhatsApp pendiente de verificación manual. Revisar visualmente el negocio antes de enviar si hay duda.
B,12,Ar Centro De Rehabilitacion Ortepedia Y Deporte,Fisioterapia,Ciudad de México,Ciudad de México,,,No website found in public source,No se encontró sitio web oficial en la fuente pública consultada.,5536933739,5536933739,525536933739,valid_format_only,Normalizado como teléfono mexicano público; no implica que exista en WhatsApp.,no,no,Pasar a verificación manual de WhatsApp.,,https://www.google.com/maps/search/?api=1&query=Ar%20Centro%20De%20Rehabilitacion%20Ortepedia%20Y%20Deporte%20Ciudad%20de%20M%C3%A9xico%20Ciudad%20de%20M%C3%A9xico,,https://nexo-local-studio-public.vercel.app,No público,ready_for_whatsapp_verification,Fuente pública: OpenStreetMap (https://www.openstreetmap.org/node/12545518194). Estado web: No website found in public source. Teléfono público; WhatsApp pendiente de verificación manual. Revisar visualmente el negocio antes de enviar si hay duda.
B,12,Fisio And Health,Fisioterapia,Ciudad de México,Ciudad de México,,,No website found in public source,No se encontró sitio web oficial en la fuente pública consultada.,5552928989,5552928989,525552928989,valid_format_only,Normalizado como teléfono mexicano público; no implica que exista en WhatsApp.,no,no,Pasar a verificación manual de WhatsApp.,,https://www.google.com/maps/search/?api=1&query=Fisio%20And%20Health%20Ciudad%20de%20M%C3%A9xico%20Ciudad%20de%20M%C3%A9xico,,https://nexo-local-studio-public.vercel.app,No público,ready_for_whatsapp_verification,Fuente pública: OpenStreetMap (https://www.openstreetmap.org/node/12753125886). Estado web: No website found in public source. Teléfono público; WhatsApp pendiente de verificación manual. Revisar visualmente el negocio antes de enviar si hay duda.
A,14,"Caamal, Caamal",Abogado migratorio,Mérida,Mérida,,,No website found in public source,No se encontró sitio web oficial en la fuente pública consultada.,(999) 925 8824,(999) 925 8824,529999258824,valid_format_only,Normalizado como teléfono mexicano público; no implica que exista en WhatsApp.,no,no,Pasar a verificación manual de WhatsApp.,,https://www.google.com/maps/search/?api=1&query=Caamal%2C%20Caamal%20M%C3%A9rida%20M%C3%A9rida,,https://nexo-local-studio-public.vercel.app,No público,ready_for_whatsapp_verification,Fuente pública: OpenStreetMap (https://www.openstreetmap.org/node/5300181621). Estado web: No website found in public source. Teléfono público; WhatsApp pendiente de verificación manual. Revisar visualmente el negocio antes de enviar si hay duda.
A,13,CyC Abogados,Abogado migratorio,Ciudad de México,Ciudad de México,,,No website found in public source,No se encontró sitio web oficial en la fuente pública consultada.,5557634946,5557634946,525557634946,valid_format_only,Normalizado como teléfono mexicano público; no implica que exista en WhatsApp.,no,no,Pasar a verificación manual de WhatsApp.,,https://www.google.com/maps/search/?api=1&query=CyC%20Abogados%20Ciudad%20de%20M%C3%A9xico%20Ciudad%20de%20M%C3%A9xico,,https://nexo-local-studio-public.vercel.app,No público,ready_for_whatsapp_verification,Fuente pública: OpenStreetMap (https://www.openstreetmap.org/node/4466376091). Estado web: No website found in public source. Teléfono público; WhatsApp pendiente de verificación manual. Revisar visualmente el negocio antes de enviar si hay duda.
A,13,Despacho Villalba Finanzas Integrales,Abogado migratorio,Ciudad de México,Ciudad de México,,,No website found in public source,No se encontró sitio web oficial en la fuente pública consultada.,5524193726,5524193726,525524193726,valid_format_only,Normalizado como teléfono mexicano público; no implica que exista en WhatsApp.,no,no,Pasar a verificación manual de WhatsApp.,,https://www.google.com/maps/search/?api=1&query=Despacho%20Villalba%20Finanzas%20Integrales%20Ciudad%20de%20M%C3%A9xico%20Ciudad%20de%20M%C3%A9xico,,https://nexo-local-studio-public.vercel.app,No público,ready_for_whatsapp_verification,Fuente pública: OpenStreetMap (https://www.openstreetmap.org/node/9848472421). Estado web: No website found in public source. Teléfono público; WhatsApp pendiente de verificación manual. Revisar visualmente el negocio antes de enviar si hay duda.
B,12,Nutrición Cholula San Pedro Cholula!,Nutrición premium,Cholula de Rivadavia,Cholula de Rivadavia,,,No website found in public source,No se encontró sitio web oficial en la fuente pública consultada.,+522229609748,+522229609748,522229609748,valid_format_only,Normalizado como teléfono mexicano público; no implica que exista en WhatsApp.,no,no,Pasar a verificación manual de WhatsApp.,,https://www.google.com/maps/search/?api=1&query=Nutrici%C3%B3n%20Cholula%20San%20Pedro%20Cholula%21%20Cholula%20de%20Rivadavia%20Cholula%20de%20Rivadavia,,https://nexo-local-studio-public.vercel.app,No público,ready_for_whatsapp_verification,Fuente pública: OpenStreetMap (https://www.openstreetmap.org/node/10573792793). Estado web: No website found in public source. Teléfono público; WhatsApp pendiente de verificación manual. Revisar visualmente el negocio antes de enviar si hay duda.
B,12,Nutrition Club House,Nutrición premium,Zapopan,Zapopan,,,Only social/profile link found,"La fuente pública muestra solo red social/perfil, no sitio propio moderno.",+52-33-10704170,+52-33-10704170,523310704170,valid_format_only,Normalizado como teléfono mexicano público; no implica que exista en WhatsApp.,no,no,Pasar a verificación manual de WhatsApp.,,https://www.google.com/maps/search/?api=1&query=Nutrition%20Club%20House%20Zapopan%20Zapopan,,https://nexo-local-studio-public.vercel.app,No público,ready_for_whatsapp_verification,Fuente pública: OpenStreetMap (https://www.openstreetmap.org/node/10102085066). Estado web: Only social/profile link found. Teléfono público; WhatsApp pendiente de verificación manual. Revisar visualmente el negocio antes de enviar si hay duda.
A,13,Arkos Arquitectura,Arquitectura/interiorismo,Zapopan,Zapopan,,,Only social/profile link found,"La fuente pública muestra solo red social/perfil, no sitio propio moderno.",+52-33-33618008,+52-33-33618008,523333618008,valid_format_only,Normalizado como teléfono mexicano público; no implica que exista en WhatsApp.,no,no,Pasar a verificación manual de WhatsApp.,,https://www.google.com/maps/search/?api=1&query=Arkos%20Arquitectura%20Zapopan%20Zapopan,,https://nexo-local-studio-public.vercel.app,No público,ready_for_whatsapp_verification,Fuente pública: OpenStreetMap (https://www.openstreetmap.org/node/6200124904). Estado web: Only social/profile link found. Teléfono público; WhatsApp pendiente de verificación manual. Revisar visualmente el negocio antes de enviar si hay duda.
B,12,DIMAStudio Diseño y Arquitectura,Arquitectura/interiorismo,Guadalajara,Arcos Vallarta,,,No website found in public source,No se encontró sitio web oficial en la fuente pública consultada.,3331564296,3331564296,523331564296,valid_format_only,Normalizado como teléfono mexicano público; no implica que exista en WhatsApp.,no,no,Pasar a verificación manual de WhatsApp.,,https://www.google.com/maps/search/?api=1&query=DIMAStudio%20Dise%C3%B1o%20y%20Arquitectura%20Guadalajara%20Arcos%20Vallarta,,https://nexo-local-studio-public.vercel.app,No público,ready_for_whatsapp_verification,Fuente pública: OpenStreetMap (https://www.openstreetmap.org/node/11860363240). Estado web: No website found in public source. Teléfono público; WhatsApp pendiente de verificación manual. Revisar visualmente el negocio antes de enviar si hay duda.
